{
  "id": "2891618",
  "name": "社交",
  "font_family": "iconfont",
  "css_prefix_text": "icon-",
  "description": "",
  "glyphs": [
    {
      "icon_id": "2640465",
      "name": "人民币",
      "font_class": "fl-renminbi",
      "unicode": "e634",
      "unicode_decimal": 58932
    },
    {
      "icon_id": "5387637",
      "name": "纸币_人民币",
      "font_class": "zhibi_renminbi",
      "unicode": "eb1e",
      "unicode_decimal": 60190
    },
    {
      "icon_id": "4937000",
      "name": "github-fill",
      "font_class": "github-fill",
      "unicode": "e885",
      "unicode_decimal": 59525
    },
    {
      "icon_id": "77156",
      "name": "微信",
      "font_class": "weixin",
      "unicode": "e600",
      "unicode_decimal": 58880
    },
    {
      "icon_id": "982375",
      "name": "邮箱",
      "font_class": "youxiang",
      "unicode": "e667",
      "unicode_decimal": 58983
    },
    {
      "icon_id": "4936984",
      "name": "QQ",
      "font_class": "QQ",
      "unicode": "e882",
      "unicode_decimal": 59522
    },
    {
      "icon_id": "7239588",
      "name": "youtube",
      "font_class": "youtube",
      "unicode": "e711",
      "unicode_decimal": 59153
    },
    {
      "icon_id": "10918080",
      "name": "bilibili-line",
      "font_class": "bilibili-line",
      "unicode": "e75d",
      "unicode_decimal": 59229
    },
    {
      "icon_id": "15559664",
      "name": "社交图标-20",
      "font_class": "shejiaotubiao-20",
      "unicode": "e643",
      "unicode_decimal": 58947
    },
    {
      "icon_id": "15559667",
      "name": "社交图标-19",
      "font_class": "shejiaotubiao-19",
      "unicode": "e642",
      "unicode_decimal": 58946
    },
    {
      "icon_id": "18166660",
      "name": "社交,钉钉,dingtalk",
      "font_class": "dingtalk",
      "unicode": "e8d6",
      "unicode_decimal": 59606
    }
  ]
}
